,train_RMSE,train_MAE,train_R2,valid_RMSE,valid_MAE,valid_R2
1,179.43621826171875,153.2130126953125,-207.27227783203125,175.6056365966797,153.8334197998047,-46.75092697143555
2,165.72723388671875,145.63246154785156,-22.611600875854492,160.6509552001953,142.56752014160156,-14.221490859985352
3,146.42860412597656,132.25987243652344,-4.481439590454102,125.48455810546875,114.76453399658203,-0.6507940292358398
4,124.56759643554688,113.6716079711914,-0.9327327013015747,84.95133972167969,70.6887435913086,0.5307713747024536
5,101.55633544921875,89.67752075195312,0.030758321285247803,110.11543273925781,96.4085693359375,0.012628734111785889
6,77.32685089111328,63.635372161865234,0.3968738913536072,59.49610900878906,45.26420211791992,0.6321506500244141
7,55.90434646606445,42.636207580566406,0.6832025051116943,58.6561393737793,44.2484130859375,0.7785675525665283
8,50.86566162109375,37.935306549072266,0.73073410987854,52.60975646972656,39.24098587036133,0.7500177025794983
9,49.34656524658203,37.05307388305664,0.7484413385391235,48.43388748168945,36.80467987060547,0.7572448253631592
10,49.04018020629883,36.66324996948242,0.7502790689468384,53.863502502441406,41.036746978759766,0.6405525803565979
11,49.158653259277344,36.7729377746582,0.7402549982070923,49.64957046508789,36.84574508666992,0.772010326385498
12,48.62816619873047,36.23455047607422,0.7594581842422485,57.57799530029297,44.71091842651367,0.42733925580978394
13,47.58829879760742,35.64883041381836,0.7642819285392761,53.09735107421875,40.23516845703125,0.7752307653427124
14,47.779151916503906,35.871952056884766,0.7644873857498169,48.44483184814453,35.918678283691406,0.7786463499069214
15,47.84516143798828,35.795509338378906,0.7616563439369202,48.35139465332031,36.354373931884766,0.7400793433189392
16,47.13886642456055,35.211280822753906,0.7737247347831726,52.70595169067383,39.55038070678711,0.6657590270042419
17,46.56986618041992,34.30138397216797,0.776892364025116,54.7210807800293,42.625144958496094,0.6848868131637573
18,46.40083312988281,34.35660171508789,0.7765963077545166,48.31093978881836,36.044673919677734,0.7992726564407349
19,47.254085540771484,35.040061950683594,0.7716372013092041,53.53154754638672,40.67254638671875,0.5750238299369812
20,46.00271224975586,34.428157806396484,0.7814040184020996,46.33423614501953,34.627872467041016,0.787175178527832
