,train_RMSE,train_MAE,train_R2,valid_RMSE,valid_MAE,valid_R2
1,184.00709533691406,155.20993041992188,-4521.62255859375,184.07618713378906,155.51783752441406,-3048.044921875
2,181.9623565673828,154.05906677246094,-994.8251342773438,181.41554260253906,153.8517303466797,-698.482666015625
3,179.0655059814453,152.40419006347656,-366.9028625488281,179.73324584960938,153.12075805664062,-336.7064208984375
4,175.88265991210938,150.31922912597656,-162.94309997558594,175.2077178955078,150.43209838867188,-134.4443359375
5,171.20433044433594,147.2719268798828,-80.5386734008789,174.56063842773438,151.23094177246094,-78.9472885131836
6,166.00079345703125,143.66575622558594,-43.8022575378418,167.8695068359375,145.89845275878906,-42.39789581298828
7,160.13771057128906,139.58665466308594,-25.21247673034668,164.609619140625,143.7118377685547,-31.326446533203125
8,153.6382598876953,134.89962768554688,-15.183343887329102,150.33819580078125,133.0504150390625,-11.017739295959473
9,146.50685119628906,129.55807495117188,-9.351433753967285,175.0950164794922,157.99351501464844,-16.515649795532227
10,138.8333282470703,123.79157257080078,-5.734988212585449,136.92201232910156,122.162109375,-5.213425636291504
11,130.79689025878906,117.38199615478516,-3.5557045936584473,118.04530334472656,106.11663818359375,-1.5323307514190674
12,122.55372619628906,110.54792785644531,-2.1290457248687744,108.20205688476562,96.31743621826172,-0.8902655839920044
13,113.57687377929688,102.70884704589844,-1.1899240016937256,99.44640350341797,87.2452621459961,-0.455086350440979
14,104.71035766601562,94.79421997070312,-0.545441746711731,107.74665832519531,97.24701690673828,-0.7399476766586304
15,96.6617202758789,86.90902709960938,-0.15854549407958984,106.77496337890625,97.0498275756836,-0.5056934356689453
16,88.81217193603516,79.01934814453125,0.11937034130096436,81.66968536376953,67.84188079833984,0.4976482391357422
17,81.1426010131836,71.1780014038086,0.32738983631134033,82.71720123291016,71.92325592041016,0.24429833889007568
18,73.21625518798828,62.799102783203125,0.48036909103393555,57.95943069458008,44.92198944091797,0.7290027141571045
19,65.45124816894531,54.910430908203125,0.5803934931755066,60.53485870361328,47.49333572387695,0.6382383108139038
20,57.70537567138672,46.72359085083008,0.6656838655471802,82.65394592285156,69.07952880859375,-0.04185223579406738
