,train_RMSE,train_MAE,train_R2,valid_RMSE,valid_MAE,valid_R2
1,177.60130310058594,150.73306274414062,-171.2366943359375,168.7752227783203,145.63668823242188,-51.28215026855469
2,132.93504333496094,113.79029083251953,-3.476616382598877,171.3410186767578,148.56605529785156,-34.863670349121094
3,73.49947357177734,57.394744873046875,0.47431421279907227,73.00249481201172,57.00541305541992,0.0558968186378479
4,61.09683609008789,46.588645935058594,0.5812089443206787,108.84424591064453,87.96272277832031,-5.326695442199707
5,58.69132995605469,44.566551208496094,0.6116621494293213,71.2768783569336,54.492069244384766,0.6025099754333496
6,59.09120559692383,44.85934829711914,0.5936817526817322,63.663143157958984,48.58790969848633,0.6031824946403503
7,56.65971755981445,42.69395446777344,0.6431955099105835,54.33953094482422,41.493350982666016,0.7306946516036987
8,56.30284118652344,42.560909271240234,0.655800461769104,77.54268646240234,61.351226806640625,-0.4178788661956787
9,56.11710739135742,42.292423248291016,0.6506857872009277,56.662879943847656,42.71643829345703,0.6962791681289673
10,55.6720085144043,42.05504608154297,0.6677074432373047,95.6124038696289,73.16004180908203,0.5718184113502502
11,56.68348693847656,42.65505599975586,0.6448285579681396,71.31663513183594,56.15568923950195,-0.11349809169769287
12,55.194217681884766,41.967079162597656,0.6728789806365967,70.44292449951172,56.05266571044922,0.6191673278808594
13,54.653839111328125,40.85076141357422,0.6827441453933716,92.52381134033203,65.93290710449219,0.6276471614837646
14,55.31987380981445,41.60310363769531,0.6776182651519775,73.53258514404297,56.17029571533203,0.6580229997634888
15,55.78461837768555,41.8444938659668,0.6630233526229858,68.41010284423828,52.40514373779297,0.6953914165496826
16,56.040245056152344,42.12500762939453,0.6546183824539185,63.28033447265625,48.61960220336914,0.26792460680007935
17,55.29676055908203,41.67552947998047,0.668850839138031,53.19902801513672,40.289669036865234,0.7158492207527161
18,55.53384017944336,41.623104095458984,0.6672430038452148,53.80887222290039,40.43408203125,0.736101508140564
19,54.496761322021484,40.82653045654297,0.6851506233215332,65.90909576416016,51.87921142578125,0.05345451831817627
20,54.992462158203125,41.153099060058594,0.6748980283737183,70.9420394897461,53.62010955810547,0.7055124044418335
