,train_RMSE,train_MAE,train_R2,valid_RMSE,valid_MAE,valid_R2
1,175.91754150390625,149.4069061279297,-138.40179443359375,159.5499267578125,136.5625762939453,-35.14411163330078
2,131.1152801513672,111.47907257080078,-3.1113696098327637,187.22276306152344,161.32688903808594,-141.9540557861328
3,74.31440734863281,58.189430236816406,0.45352303981781006,79.19071197509766,61.356407165527344,0.5695133209228516
4,60.06918716430664,45.521385192871094,0.5959065556526184,121.09413146972656,97.657958984375,-8.148286819458008
5,59.88683319091797,45.55227279663086,0.6003402471542358,64.9024429321289,51.41733169555664,0.5322716236114502
6,56.88175964355469,43.475250244140625,0.6341958045959473,102.29853057861328,86.56124114990234,-1.0536973476409912
7,56.92625427246094,43.17825698852539,0.6478768587112427,72.83312225341797,57.320465087890625,0.1645238995552063
8,55.8357048034668,42.55835723876953,0.659864068031311,81.16507720947266,61.74976348876953,0.6776206493377686
9,56.27302932739258,43.35439682006836,0.6537498235702515,71.53326416015625,55.67753219604492,0.029715776443481445
10,55.61322021484375,42.02030944824219,0.6641156673431396,57.81660842895508,42.85448455810547,0.6641662120819092
11,55.031715393066406,41.84012985229492,0.6751265525817871,141.1034698486328,111.8737564086914,0.2575489282608032
12,54.93475341796875,41.60604476928711,0.6742714643478394,58.00789260864258,43.759342193603516,0.6671023368835449
13,55.33995056152344,42.20500183105469,0.669845461845398,55.81325149536133,41.47490692138672,0.6994768977165222
14,55.36430358886719,41.997528076171875,0.6753227710723877,56.76461410522461,43.60219192504883,0.6480242609977722
15,54.155059814453125,41.35670471191406,0.6861810684204102,78.22901153564453,59.36955642700195,0.6220088601112366
16,54.731075286865234,41.673606872558594,0.6801366806030273,57.444271087646484,42.34395980834961,0.6907471418380737
17,55.944095611572266,42.764320373535156,0.6554247140884399,67.1943359375,51.651187896728516,0.6260074973106384
18,55.20230484008789,42.14142990112305,0.6774138808250427,95.32917022705078,75.31363677978516,-2.0716068744659424
19,54.72500228881836,41.43851089477539,0.6814953088760376,64.64033508300781,49.771766662597656,0.6860682964324951
20,54.80109405517578,41.876220703125,0.6728710532188416,70.41490936279297,55.70838165283203,0.3097038269042969
