,train_RMSE,train_MAE,train_R2,valid_RMSE,valid_MAE,valid_R2
1,176.09524536132812,151.4197235107422,-70.5566635131836,155.5868377685547,137.42440795898438,-9.934310913085938
2,145.89598083496094,131.23468017578125,-3.897214889526367,92.67156219482422,75.17430114746094,0.4568932056427002
3,107.76907348632812,95.24854278564453,-0.07991838455200195,78.56350708007812,63.08134078979492,0.4591370224952698
4,66.52898406982422,52.1170768737793,0.5629754066467285,79.86947631835938,65.4822769165039,0.44688528776168823
5,51.16609573364258,38.927581787109375,0.7143979072570801,59.80966567993164,46.738643646240234,0.7088485360145569
6,51.00342559814453,38.05299377441406,0.7205357551574707,53.78567123413086,40.95277786254883,0.6458486318588257
7,50.56450271606445,38.19510269165039,0.72829270362854,60.113609313964844,47.03841781616211,0.7215044498443604
8,49.262298583984375,36.80842590332031,0.7472997903823853,51.45966339111328,38.2970085144043,0.7460869550704956
9,48.073123931884766,35.513572692871094,0.7522133588790894,48.07321548461914,35.537376403808594,0.777244508266449
10,49.54708480834961,36.82334899902344,0.7383430600166321,48.265750885009766,36.36652755737305,0.7019020915031433
11,47.391883850097656,35.3181037902832,0.7702966928482056,50.12083053588867,37.68283462524414,0.7286065816879272
12,47.51115798950195,35.56474685668945,0.7631365656852722,49.155006408691406,36.808990478515625,0.7742739915847778
13,48.351505279541016,36.11381912231445,0.7538575530052185,64.78765869140625,50.86556625366211,0.6834280490875244
14,49.86809158325195,37.34770584106445,0.7375062704086304,48.95658874511719,36.59902572631836,0.7815121412277222
15,48.18210983276367,35.862876892089844,0.75254225730896,49.39817810058594,37.00885009765625,0.7847599983215332
16,48.135292053222656,35.829872131347656,0.7582604885101318,52.94519805908203,41.61213302612305,0.727476179599762
17,47.431434631347656,35.06941604614258,0.764234185218811,48.1578254699707,35.386688232421875,0.7326327562332153
18,47.36135482788086,35.37150192260742,0.7660564184188843,50.31364822387695,37.625694274902344,0.765869140625
19,46.78236770629883,34.848976135253906,0.7711485624313354,49.71932601928711,37.79534149169922,0.7078820466995239
20,45.94529724121094,34.0935173034668,0.7831188440322876,46.000179290771484,33.91634750366211,0.7770221829414368
