,train_RMSE,train_MAE,train_R2,valid_RMSE,valid_MAE,valid_R2
1,177.18063354492188,150.42120361328125,-184.37364196777344,159.8170166015625,136.5615234375,-42.777984619140625
2,140.1710205078125,121.14205932617188,-5.88852596282959,73.85331726074219,57.421852111816406,0.6002634763717651
3,83.2825927734375,67.59960174560547,0.2708812355995178,166.5207061767578,133.00820922851562,0.18730252981185913
4,55.37575912475586,42.508880615234375,0.6696176528930664,74.64043426513672,59.98704147338867,0.12274426221847534
5,53.52472686767578,40.42186737060547,0.6897854804992676,79.71759033203125,60.982200622558594,0.6668233275413513
6,55.857269287109375,42.61982727050781,0.6577078104019165,77.53643798828125,59.72846603393555,0.56771320104599
7,54.05489730834961,41.19843292236328,0.6807604432106018,55.959842681884766,43.258872985839844,0.6050984263420105
8,53.00062561035156,40.36806869506836,0.6928067207336426,54.06813049316406,40.66739273071289,0.6485410928726196
9,52.78578567504883,40.026546478271484,0.7007787227630615,54.867034912109375,41.10020065307617,0.6207119822502136
10,52.06459045410156,39.39168930053711,0.7086028456687927,57.66511154174805,44.22256088256836,0.45033955574035645
11,51.69309616088867,39.22506332397461,0.713890552520752,55.718894958496094,42.327842712402344,0.7366514801979065
12,51.13263702392578,38.458866119384766,0.7257715463638306,59.454959869384766,45.30896759033203,0.42363595962524414
13,51.25703430175781,38.67769241333008,0.719527006149292,65.46862030029297,51.780399322509766,0.42536574602127075
14,50.687103271484375,38.244834899902344,0.7251638174057007,55.834842681884766,42.58270263671875,0.6839230060577393
15,49.64583969116211,37.421688079833984,0.7454553246498108,50.81669235229492,37.831932067871094,0.6982512474060059
16,50.39814758300781,38.06490707397461,0.7272897362709045,60.24888610839844,46.316532135009766,0.43487751483917236
17,51.04404067993164,38.36298751831055,0.7280762195587158,50.82421875,37.91204071044922,0.7402864694595337
18,49.48516082763672,37.276771545410156,0.7391992211341858,80.89717864990234,63.10228729248047,0.6117247343063354
19,48.68500518798828,36.3765754699707,0.7526376843452454,51.110694885253906,37.510765075683594,0.6837673187255859
20,49.139312744140625,36.89982223510742,0.7495626211166382,51.96232604980469,38.28148651123047,0.7118847966194153
