,train_RMSE,train_MAE,train_R2,valid_RMSE,valid_MAE,valid_R2
1,170.22320556640625,145.5258331298828,-44.595069885253906,136.4230194091797,119.38248443603516,-5.636969089508057
2,105.70292663574219,88.73380279541016,-0.2603808641433716,91.30280303955078,74.50240325927734,0.3297281265258789
3,54.87847137451172,42.09053421020508,0.685053825378418,68.23263549804688,52.71538543701172,0.17106127738952637
4,50.22060775756836,38.14069366455078,0.7161293029785156,65.84744262695312,51.861419677734375,0.760593593120575
5,49.26115417480469,37.11745834350586,0.7402920722961426,74.21842193603516,59.57253646850586,0.15814268589019775
6,48.88857650756836,36.59706115722656,0.7436510920524597,82.3508529663086,64.94934844970703,0.6474547386169434
7,47.96824645996094,36.12594223022461,0.7558104991912842,59.446842193603516,45.8909912109375,0.5553739666938782
8,46.408329010009766,34.507713317871094,0.7730662226676941,62.11738586425781,47.89288330078125,0.26365798711776733
9,45.417118072509766,33.40007019042969,0.7835577726364136,61.0543098449707,47.776405334472656,0.5468273758888245
10,45.881736755371094,33.86012649536133,0.7792782783508301,52.88286590576172,39.209110260009766,0.7113931179046631
11,44.862586975097656,32.81605529785156,0.791644811630249,64.88032531738281,49.4235725402832,0.12258738279342651
12,45.620365142822266,33.80440902709961,0.7800078392028809,53.39332580566406,40.09856414794922,0.7484625577926636
13,45.282161712646484,33.376441955566406,0.7888026833534241,54.054996490478516,39.85788345336914,0.7923850417137146
14,44.38581085205078,33.0306510925293,0.7973126769065857,53.18919372558594,39.02031326293945,0.7555441856384277
15,45.35606002807617,33.368797302246094,0.7874758243560791,57.050453186035156,45.04595947265625,0.5643300414085388
16,43.99983215332031,32.58669662475586,0.8011230230331421,51.0386848449707,37.72818374633789,0.7607166767120361
17,43.41469192504883,31.67350196838379,0.8059408068656921,50.82917785644531,36.96837615966797,0.6964232921600342
18,43.99531936645508,32.43781280517578,0.8021044135093689,56.71478271484375,41.267234802246094,0.7769673466682434
19,43.22850036621094,31.73345375061035,0.8102301359176636,61.225502014160156,47.007911682128906,0.1119769811630249
20,43.94698715209961,32.38801193237305,0.8016214966773987,50.78131103515625,37.00391387939453,0.6699742078781128
