,train_RMSE,train_MAE,train_R2,valid_RMSE,valid_MAE,valid_R2
1,124.85968780517578,98.24058532714844,-0.34920620918273926,81.58785247802734,68.30867767333984,-3.9514737129211426
2,55.64021301269531,42.30548858642578,0.6398595571517944,52.17790603637695,38.933231353759766,0.6805003881454468
3,52.81754684448242,39.643775939941406,0.6993651986122131,102.95010375976562,77.74110412597656,0.612618625164032
4,51.00029754638672,38.2310676574707,0.7088959217071533,47.6749382019043,35.917293548583984,0.7802590131759644
5,48.98578643798828,36.318023681640625,0.7458217740058899,98.25963592529297,77.89396667480469,0.5693787336349487
6,49.17578125,36.269351959228516,0.7440469264984131,60.178314208984375,44.94271469116211,0.772373616695404
7,47.745784759521484,35.37993240356445,0.757666826248169,78.82999420166016,60.111297607421875,0.6864117383956909
8,48.567291259765625,36.021759033203125,0.7573453187942505,55.15018844604492,42.186134338378906,0.7820019125938416
9,48.651641845703125,35.83716583251953,0.7399829626083374,47.87245178222656,35.45197677612305,0.7606828808784485
10,47.94778060913086,35.8308219909668,0.7590489983558655,58.28273010253906,45.92510223388672,0.6441901922225952
11,47.30326843261719,35.026832580566406,0.7641456127166748,76.1720199584961,52.775856018066406,0.6409481763839722
12,50.39628601074219,37.79932403564453,0.730117678642273,61.07901382446289,48.02912521362305,0.10360300540924072
13,48.52750778198242,36.154747009277344,0.7493422627449036,69.15369415283203,54.2860107421875,-0.0020170211791992188
14,47.11743927001953,34.43115997314453,0.7691264152526855,54.34638977050781,42.944236755371094,0.6676483750343323
15,48.344295501708984,35.73452377319336,0.7538366317749023,77.75039672851562,60.28255844116211,-0.15217220783233643
16,47.86125564575195,35.464019775390625,0.7569406032562256,47.46195983886719,36.51787185668945,0.7419597506523132
17,46.4899787902832,34.10623550415039,0.7701861262321472,57.12675857543945,35.31672286987305,0.7171044945716858
18,46.549129486083984,34.04831314086914,0.7730883359909058,48.940608978271484,36.53438186645508,0.787202000617981
19,46.68990707397461,34.27815246582031,0.7725629806518555,253.52117919921875,39.45904541015625,0.09485375881195068
20,48.04124069213867,35.4000358581543,0.7590724229812622,104.13835144042969,78.0467300415039,0.5980411767959595
