,train_RMSE,train_MAE,train_R2,valid_RMSE,valid_MAE,valid_R2
1,122.87218475341797,97.25396728515625,-0.3273811340332031,65.45326232910156,51.88301467895508,0.19811105728149414
2,53.976959228515625,41.752471923828125,0.6670785546302795,75.06193542480469,61.12105941772461,0.2905481457710266
3,49.8076057434082,37.50558853149414,0.7363718748092651,62.48421096801758,50.10935592651367,0.6555567979812622
4,50.32992935180664,38.23005676269531,0.7227582931518555,112.30770874023438,88.64601135253906,0.6496781706809998
5,47.89832305908203,35.730308532714844,0.7590510845184326,61.95542526245117,47.265174865722656,0.2597121000289917
6,48.541805267333984,36.41435241699219,0.7510432004928589,49.1207275390625,35.474124908447266,0.7510428428649902
7,47.10057067871094,35.13851547241211,0.7645763158798218,51.48825454711914,38.236473083496094,0.6229075193405151
8,46.2243766784668,34.39772415161133,0.7765476703643799,76.9916000366211,59.08362579345703,0.7211448550224304
9,46.60551071166992,34.66278839111328,0.7747952938079834,53.662811279296875,40.4650764465332,0.6497833728790283
10,46.05757141113281,34.140594482421875,0.7804009318351746,65.5431137084961,51.76496505737305,0.6599172353744507
11,45.053977966308594,33.1268424987793,0.7903028726577759,48.1794548034668,35.01842498779297,0.7790669202804565
12,45.979896545410156,34.02779006958008,0.784295916557312,48.2037467956543,34.89476776123047,0.7546647191047668
13,45.61331558227539,33.88265609741211,0.7837209105491638,48.65895080566406,35.14031982421875,0.690326452255249
14,45.19430160522461,33.390769958496094,0.7869294285774231,51.17502212524414,37.749141693115234,0.6690753698348999
15,45.01893615722656,33.285430908203125,0.7913216352462769,1000.0623168945312,108.61177062988281,-0.009435296058654785
16,45.09976577758789,33.155426025390625,0.7888752222061157,3168.265625,683.6151733398438,-0.023521065711975098
17,45.618656158447266,33.75953674316406,0.7884291410446167,49.27582931518555,35.627662658691406,0.7851920127868652
18,44.126556396484375,32.296939849853516,0.8062556982040405,45.98289489746094,32.78192901611328,0.7803512811660767
19,44.839046478271484,32.9207878112793,0.7933449745178223,54.022823333740234,40.64336013793945,0.7001153230667114
20,43.17650604248047,31.25054359436035,0.8101747035980225,64.13667297363281,50.42946243286133,0.6832304000854492
