,train_RMSE,train_MAE,train_R2,valid_RMSE,valid_MAE,valid_R2
1,173.7461700439453,150.60653686523438,-50.70619583129883,169.4510040283203,150.5064239501953,-21.60540199279785
2,140.2066192626953,127.43810272216797,-2.5571088790893555,74.8165283203125,59.37657928466797,0.47968244552612305
3,98.75869750976562,86.42727661132812,0.19503498077392578,112.14293670654297,97.7464370727539,0.34084010124206543
4,57.495784759521484,44.239280700683594,0.6936578154563904,90.21392822265625,66.45079803466797,0.6803127527236938
5,48.024635314941406,35.729801177978516,0.7522925138473511,52.29511642456055,38.854530334472656,0.7435011267662048
6,45.87590026855469,33.58572769165039,0.7854292988777161,50.35889434814453,37.06125259399414,0.662415623664856
7,45.17483901977539,32.911888122558594,0.7931573390960693,49.33345031738281,37.02364730834961,0.6526076793670654
8,45.47473907470703,33.3800163269043,0.7811177968978882,50.49412536621094,38.170143127441406,0.7770236134529114
9,44.01319122314453,32.598907470703125,0.8030296564102173,53.63618087768555,41.98883056640625,0.7550947666168213
10,44.68301773071289,33.31193542480469,0.7980793118476868,49.78407287597656,37.71567153930664,0.7096587419509888
11,42.91011428833008,31.67725372314453,0.8116753101348877,46.16128921508789,33.69169998168945,0.7856435775756836
12,43.69876480102539,32.06490707397461,0.8023240566253662,44.78376007080078,31.852031707763672,0.8088036775588989
13,44.013763427734375,32.27410888671875,0.798895537853241,48.53306579589844,35.47803497314453,0.7931200861930847
14,43.43806457519531,31.847997665405273,0.8049210906028748,50.94820785522461,38.25244903564453,0.6445592641830444
15,42.79419708251953,31.571308135986328,0.8148249983787537,45.22465896606445,33.43361282348633,0.7963898181915283
16,42.97148895263672,31.207622528076172,0.8159119486808777,50.041324615478516,38.235355377197266,0.7787988185882568
17,41.939544677734375,30.797481536865234,0.8206632733345032,45.59989547729492,32.11360549926758,0.8195788860321045
18,41.31821060180664,30.33409309387207,0.8321490287780762,47.88054656982422,34.377986907958984,0.7457339763641357
19,41.687904357910156,30.469743728637695,0.8244863748550415,54.706241607666016,41.29268264770508,0.5768939256668091
20,41.19328689575195,30.42833137512207,0.8295453786849976,53.85394287109375,41.109554290771484,0.6191136240959167
